HITId,HITTypeId,Title,Description,Keywords,Reward,CreationTime,MaxAssignments,RequesterAnnotation,AssignmentDurationInSeconds,AutoApprovalDelayInSeconds,Expiration,NumberOfSimilarHITs,LifetimeInSeconds,AssignmentId,WorkerId,AssignmentStatus,AcceptTime,SubmitTime,AutoApprovalTime,ApprovalTime,RejectionTime,RequesterFeedback,WorkTimeInSeconds,LifetimeApprovalRate,Last30DaysApprovalRate,Last7DaysApprovalRate,Input.S_No,Input.Review,Input.Rating,Answer.sentiment.label,Approve,Reject
356ZPKYPUHR8ZGCYN3PMVDOLNF9PYS,3TZJMY6N8M43WBVHR3FF86IOC66G73,Check whether the Review is Fake or Real,Analysis of the CSV file Containing Review and to detect them whether they are fake or Real,"sentiment, text",$0.10 ,Mon Nov 08 08:15:09 PST 2021,4,BatchId:4596135;OriginalHitTemplateId:928390909;,3600,172800,Thu Nov 11 08:15:09 PST 2021,,,3X31TUMD7YWO49KR9OV7OSZF7CJ1LN,A21YRPB8O8QP5Y,Submitted,Mon Nov 08 08:15:44 PST 2021,Mon Nov 08 08:16:05 PST 2021,Wed Nov 10 08:16:05 PST 2021,,,,21,0% (0/0),0% (0/0),0% (0/0),1,Auto ships works great. I have it timed to arrive just when we are on the last bottle.  They have been good about working with me to set up a schedule for auto delivery,3,Real,,
356ZPKYPUHR8ZGCYN3PMVDOLNF9PYS,3TZJMY6N8M43WBVHR3FF86IOC66G73,Check whether the Review is Fake or Real,Analysis of the CSV file Containing Review and to detect them whether they are fake or Real,"sentiment, text",$0.10 ,Mon Nov 08 08:15:09 PST 2021,4,BatchId:4596135;OriginalHitTemplateId:928390909;,3600,172800,Thu Nov 11 08:15:09 PST 2021,,,3D8YOU6S9FUMUL8IO8ZPABMFSES6UK,A2MCG5W6LHSRG9,Submitted,Mon Nov 08 08:15:50 PST 2021,Mon Nov 08 08:21:23 PST 2021,Wed Nov 10 08:21:23 PST 2021,,,,333,0% (0/0),0% (0/0),0% (0/0),1,Auto ships works great. I have it timed to arrive just when we are on the last bottle.  They have been good about working with me to set up a schedule for auto delivery,3,Real,,
356ZPKYPUHR8ZGCYN3PMVDOLNF9PYS,3TZJMY6N8M43WBVHR3FF86IOC66G73,Check whether the Review is Fake or Real,Analysis of the CSV file Containing Review and to detect them whether they are fake or Real,"sentiment, text",$0.10 ,Mon Nov 08 08:15:09 PST 2021,4,BatchId:4596135;OriginalHitTemplateId:928390909;,3600,172800,Thu Nov 11 08:15:09 PST 2021,,,3YJ6NA41JCQLQBFTR5UK994L63JJP6,A305BXWHFK8287,Submitted,Mon Nov 08 08:15:32 PST 2021,Mon Nov 08 09:05:50 PST 2021,Wed Nov 10 09:05:50 PST 2021,,,,3018,0% (0/0),0% (0/0),0% (0/0),1,Auto ships works great. I have it timed to arrive just when we are on the last bottle.  They have been good about working with me to set up a schedule for auto delivery,3,Fake,,
356ZPKYPUHR8ZGCYN3PMVDOLNF9PYS,3TZJMY6N8M43WBVHR3FF86IOC66G73,Check whether the Review is Fake or Real,Analysis of the CSV file Containing Review and to detect them whether they are fake or Real,"sentiment, text",$0.10 ,Mon Nov 08 08:15:09 PST 2021,4,BatchId:4596135;OriginalHitTemplateId:928390909;,3600,172800,Thu Nov 11 08:15:09 PST 2021,,,3SKRO2GZ721DK329OOJ69SM0ICE1KK,A3TNLC6XGYNDKS,Submitted,Mon Nov 08 08:15:44 PST 2021,Mon Nov 08 08:15:49 PST 2021,Wed Nov 10 08:15:49 PST 2021,,,,5,0% (0/0),0% (0/0),0% (0/0),1,Auto ships works great. I have it timed to arrive just when we are on the last bottle.  They have been good about working with me to set up a schedule for auto delivery,3,Real,,
3HXK2V1N4KPCLIQSRZS4S09O79S2GL,3TZJMY6N8M43WBVHR3FF86IOC66G73,Check whether the Review is Fake or Real,Analysis of the CSV file Containing Review and to detect them whether they are fake or Real,"sentiment, text",$0.10 ,Mon Nov 08 08:15:09 PST 2021,4,BatchId:4596135;OriginalHitTemplateId:928390909;,3600,172800,Thu Nov 11 08:15:09 PST 2021,,,3MHW492WW1NOW3IAGEGBVTLKWLFVM7,A108BQB0ENJDKV,Submitted,Mon Nov 08 08:15:39 PST 2021,Mon Nov 08 08:16:18 PST 2021,Wed Nov 10 08:16:18 PST 2021,,,,39,0% (0/0),0% (0/0),0% (0/0),2,Service Was good!!! And Delivery was on time.,4,Fake,,
3HXK2V1N4KPCLIQSRZS4S09O79S2GL,3TZJMY6N8M43WBVHR3FF86IOC66G73,Check whether the Review is Fake or Real,Analysis of the CSV file Containing Review and to detect them whether they are fake or Real,"sentiment, text",$0.10 ,Mon Nov 08 08:15:09 PST 2021,4,BatchId:4596135;OriginalHitTemplateId:928390909;,3600,172800,Thu Nov 11 08:15:09 PST 2021,,,3A9AA95ATXWDJC0823QQ8ZLGO32P56,A1NRZ7O1TEJB1V,Submitted,Mon Nov 08 09:16:00 PST 2021,Mon Nov 08 09:33:01 PST 2021,Wed Nov 10 09:33:01 PST 2021,,,,1021,0% (0/0),0% (0/0),0% (0/0),2,Service Was good!!! And Delivery was on time.,4,Real,,
3HXK2V1N4KPCLIQSRZS4S09O79S2GL,3TZJMY6N8M43WBVHR3FF86IOC66G73,Check whether the Review is Fake or Real,Analysis of the CSV file Containing Review and to detect them whether they are fake or Real,"sentiment, text",$0.10 ,Mon Nov 08 08:15:09 PST 2021,4,BatchId:4596135;OriginalHitTemplateId:928390909;,3600,172800,Thu Nov 11 08:15:09 PST 2021,,,33NF62TLXKCKFKIDEDPCDSIMCTDJK5,A2P3OVSEX9AY3H,Submitted,Mon Nov 08 08:15:29 PST 2021,Mon Nov 08 08:16:23 PST 2021,Wed Nov 10 08:16:23 PST 2021,,,,54,0% (0/0),0% (0/0),0% (0/0),2,Service Was good!!! And Delivery was on time.,4,Real,,
3HXK2V1N4KPCLIQSRZS4S09O79S2GL,3TZJMY6N8M43WBVHR3FF86IOC66G73,Check whether the Review is Fake or Real,Analysis of the CSV file Containing Review and to detect them whether they are fake or Real,"sentiment, text",$0.10 ,Mon Nov 08 08:15:09 PST 2021,4,BatchId:4596135;OriginalHitTemplateId:928390909;,3600,172800,Thu Nov 11 08:15:09 PST 2021,,,35DR22AR5EUFE6FVABCENF9ZC56X3W,A3TNLC6XGYNDKS,Submitted,Mon Nov 08 08:15:41 PST 2021,Mon Nov 08 08:15:46 PST 2021,Wed Nov 10 08:15:46 PST 2021,,,,5,0% (0/0),0% (0/0),0% (0/0),2,Service Was good!!! And Delivery was on time.,4,Real,,
3YD0MU1NC2BIXSAVBBHPS5FTKU17AU,3TZJMY6N8M43WBVHR3FF86IOC66G73,Check whether the Review is Fake or Real,Analysis of the CSV file Containing Review and to detect them whether they are fake or Real,"sentiment, text",$0.10 ,Mon Nov 08 08:15:09 PST 2021,4,BatchId:4596135;OriginalHitTemplateId:928390909;,3600,172800,Thu Nov 11 08:15:09 PST 2021,,,38BQUHLA9XAT6J9DF2UX01RC0SIOMY,A2NTFWFW760HDO,Submitted,Mon Nov 08 08:15:40 PST 2021,Mon Nov 08 08:17:17 PST 2021,Wed Nov 10 08:17:17 PST 2021,,,,97,0% (0/0),0% (0/0),0% (0/0),3,Will always use this service! Great products!,4,Fake,,
3YD0MU1NC2BIXSAVBBHPS5FTKU17AU,3TZJMY6N8M43WBVHR3FF86IOC66G73,Check whether the Review is Fake or Real,Analysis of the CSV file Containing Review and to detect them whether they are fake or Real,"sentiment, text",$0.10 ,Mon Nov 08 08:15:09 PST 2021,4,BatchId:4596135;OriginalHitTemplateId:928390909;,3600,172800,Thu Nov 11 08:15:09 PST 2021,,,3H0W84IWBLCYR89GQWNIHOR82DBREL,A2QBI4PUTOSV12,Submitted,Mon Nov 08 08:15:47 PST 2021,Mon Nov 08 08:33:21 PST 2021,Wed Nov 10 08:33:21 PST 2021,,,,1054,0% (0/0),0% (0/0),0% (0/0),3,Will always use this service! Great products!,4,Real,,
3YD0MU1NC2BIXSAVBBHPS5FTKU17AU,3TZJMY6N8M43WBVHR3FF86IOC66G73,Check whether the Review is Fake or Real,Analysis of the CSV file Containing Review and to detect them whether they are fake or Real,"sentiment, text",$0.10 ,Mon Nov 08 08:15:09 PST 2021,4,BatchId:4596135;OriginalHitTemplateId:928390909;,3600,172800,Thu Nov 11 08:15:09 PST 2021,,,3I2PTA7R3U4117MQ939LATU8QO5QK3,A34Q3XQRB0QYC8,Submitted,Mon Nov 08 08:15:29 PST 2021,Mon Nov 08 09:12:01 PST 2021,Wed Nov 10 09:12:01 PST 2021,,,,3392,0% (0/0),0% (0/0),0% (0/0),3,Will always use this service! Great products!,4,Fake,,
3YD0MU1NC2BIXSAVBBHPS5FTKU17AU,3TZJMY6N8M43WBVHR3FF86IOC66G73,Check whether the Review is Fake or Real,Analysis of the CSV file Containing Review and to detect them whether they are fake or Real,"sentiment, text",$0.10 ,Mon Nov 08 08:15:09 PST 2021,4,BatchId:4596135;OriginalHitTemplateId:928390909;,3600,172800,Thu Nov 11 08:15:09 PST 2021,,,33LK57MYLUF83I0P1810S8XMCL3SZG,A3TNLC6XGYNDKS,Submitted,Mon Nov 08 08:15:21 PST 2021,Mon Nov 08 08:15:27 PST 2021,Wed Nov 10 08:15:27 PST 2021,,,,6,0% (0/0),0% (0/0),0% (0/0),3,Will always use this service! Great products!,4,Real,,
3TX9T2ZCB9BYOFJ4VB501E5JM6GZWO,3TZJMY6N8M43WBVHR3FF86IOC66G73,Check whether the Review is Fake or Real,Analysis of the CSV file Containing Review and to detect them whether they are fake or Real,"sentiment, text",$0.10 ,Mon Nov 08 08:15:09 PST 2021,4,BatchId:4596135;OriginalHitTemplateId:928390909;,3600,172800,Thu Nov 11 08:15:09 PST 2021,,,3DH6GAKTYZZ5Z4CY0ETPAULNT6ZZY1,A1NRZ7O1TEJB1V,Submitted,Mon Nov 08 09:16:30 PST 2021,Mon Nov 08 09:33:47 PST 2021,Wed Nov 10 09:33:47 PST 2021,,,,1037,0% (0/0),0% (0/0),0% (0/0),4,Great products and great service,3,Real,,
3TX9T2ZCB9BYOFJ4VB501E5JM6GZWO,3TZJMY6N8M43WBVHR3FF86IOC66G73,Check whether the Review is Fake or Real,Analysis of the CSV file Containing Review and to detect them whether they are fake or Real,"sentiment, text",$0.10 ,Mon Nov 08 08:15:09 PST 2021,4,BatchId:4596135;OriginalHitTemplateId:928390909;,3600,172800,Thu Nov 11 08:15:09 PST 2021,,,3M23Y66PO3H6F8GEZ34PVA4R7H76S4,A2MSJRDUC5X680,Submitted,Mon Nov 08 08:15:49 PST 2021,Mon Nov 08 08:16:00 PST 2021,Wed Nov 10 08:16:00 PST 2021,,,,11,0% (0/0),0% (0/0),0% (0/0),4,Great products and great service,3,Fake,,
3TX9T2ZCB9BYOFJ4VB501E5JM6GZWO,3TZJMY6N8M43WBVHR3FF86IOC66G73,Check whether the Review is Fake or Real,Analysis of the CSV file Containing Review and to detect them whether they are fake or Real,"sentiment, text",$0.10 ,Mon Nov 08 08:15:09 PST 2021,4,BatchId:4596135;OriginalHitTemplateId:928390909;,3600,172800,Thu Nov 11 08:15:09 PST 2021,,,3QAPZX2QN5NIWYD13Z92VRHWWKM20W,A30ENTLELXJH32,Submitted,Mon Nov 08 08:15:52 PST 2021,Mon Nov 08 08:16:49 PST 2021,Wed Nov 10 08:16:49 PST 2021,,,,57,0% (0/0),0% (0/0),0% (0/0),4,Great products and great service,3,Fake,,
3TX9T2ZCB9BYOFJ4VB501E5JM6GZWO,3TZJMY6N8M43WBVHR3FF86IOC66G73,Check whether the Review is Fake or Real,Analysis of the CSV file Containing Review and to detect them whether they are fake or Real,"sentiment, text",$0.10 ,Mon Nov 08 08:15:09 PST 2021,4,BatchId:4596135;OriginalHitTemplateId:928390909;,3600,172800,Thu Nov 11 08:15:09 PST 2021,,,37Z929RLGAICH6RQVGCI6KW5RPHST0,AMPMTF5IAAMK8,Submitted,Mon Nov 08 08:15:19 PST 2021,Mon Nov 08 08:18:12 PST 2021,Wed Nov 10 08:18:12 PST 2021,,,,173,0% (0/0),0% (0/0),0% (0/0),4,Great products and great service,3,Real,,
3NRZ1LDP7WG846M3JPR59KXNT9DPZJ,3TZJMY6N8M43WBVHR3FF86IOC66G73,Check whether the Review is Fake or Real,Analysis of the CSV file Containing Review and to detect them whether they are fake or Real,"sentiment, text",$0.10 ,Mon Nov 08 08:15:09 PST 2021,4,BatchId:4596135;OriginalHitTemplateId:928390909;,3600,172800,Thu Nov 11 08:15:09 PST 2021,,,37M28K1J0RNE379R2MCNJEFQ7IYAJY,A1NRZ7O1TEJB1V,Submitted,Mon Nov 08 09:21:56 PST 2021,Mon Nov 08 09:33:56 PST 2021,Wed Nov 10 09:33:56 PST 2021,,,,720,0% (0/0),0% (0/0),0% (0/0),5,A friend recommended this page to me because the supplements they sell are very effective in boosting my immune system. And just as I thank my friend for telling me about this I also thank BetterWayHealth for the fantastic supplements that have helped me and for the kind service provided,5,Real,,
3NRZ1LDP7WG846M3JPR59KXNT9DPZJ,3TZJMY6N8M43WBVHR3FF86IOC66G73,Check whether the Review is Fake or Real,Analysis of the CSV file Containing Review and to detect them whether they are fake or Real,"sentiment, text",$0.10 ,Mon Nov 08 08:15:09 PST 2021,4,BatchId:4596135;OriginalHitTemplateId:928390909;,3600,172800,Thu Nov 11 08:15:09 PST 2021,,,32EYX73OY1JFG462GW2NL6DBO15RU2,A2DDPSXH2X96RF,Submitted,Mon Nov 08 08:15:55 PST 2021,Mon Nov 08 08:28:34 PST 2021,Wed Nov 10 08:28:34 PST 2021,,,,759,0% (0/0),0% (0/0),0% (0/0),5,A friend recommended this page to me because the supplements they sell are very effective in boosting my immune system. And just as I thank my friend for telling me about this I also thank BetterWayHealth for the fantastic supplements that have helped me and for the kind service provided,5,Real,,
3NRZ1LDP7WG846M3JPR59KXNT9DPZJ,3TZJMY6N8M43WBVHR3FF86IOC66G73,Check whether the Review is Fake or Real,Analysis of the CSV file Containing Review and to detect them whether they are fake or Real,"sentiment, text",$0.10 ,Mon Nov 08 08:15:09 PST 2021,4,BatchId:4596135;OriginalHitTemplateId:928390909;,3600,172800,Thu Nov 11 08:15:09 PST 2021,,,3VD82FOHKRYGXXXM2D0JX5M06EFOCH,A2MSJRDUC5X680,Submitted,Mon Nov 08 08:16:32 PST 2021,Mon Nov 08 08:18:05 PST 2021,Wed Nov 10 08:18:05 PST 2021,,,,93,0% (0/0),0% (0/0),0% (0/0),5,A friend recommended this page to me because the supplements they sell are very effective in boosting my immune system. And just as I thank my friend for telling me about this I also thank BetterWayHealth for the fantastic supplements that have helped me and for the kind service provided,5,Real,,
3NRZ1LDP7WG846M3JPR59KXNT9DPZJ,3TZJMY6N8M43WBVHR3FF86IOC66G73,Check whether the Review is Fake or Real,Analysis of the CSV file Containing Review and to detect them whether they are fake or Real,"sentiment, text",$0.10 ,Mon Nov 08 08:15:09 PST 2021,4,BatchId:4596135;OriginalHitTemplateId:928390909;,3600,172800,Thu Nov 11 08:15:09 PST 2021,,,33TIN5LC05KQTDULWGZQX6JUE3AY9K,A3J54EVSQXH58J,Submitted,Mon Nov 08 08:15:24 PST 2021,Mon Nov 08 09:04:33 PST 2021,Wed Nov 10 09:04:33 PST 2021,,,,2949,0% (0/0),0% (0/0),0% (0/0),5,A friend recommended this page to me because the supplements they sell are very effective in boosting my immune system. And just as I thank my friend for telling me about this I also thank BetterWayHealth for the fantastic supplements that have helped me and for the kind service provided,5,Real,,
3YLPJ8OXX8NXAI05KNBW916HUDJX43,3TZJMY6N8M43WBVHR3FF86IOC66G73,Check whether the Review is Fake or Real,Analysis of the CSV file Containing Review and to detect them whether they are fake or Real,"sentiment, text",$0.10 ,Mon Nov 08 08:15:09 PST 2021,4,BatchId:4596135;OriginalHitTemplateId:928390909;,3600,172800,Thu Nov 11 08:15:09 PST 2021,,,3EWIJTFFVPHAREPHWJ43XSQLTNBE09,A177DH0HQXL89M,Submitted,Mon Nov 08 08:15:24 PST 2021,Mon Nov 08 08:23:20 PST 2021,Wed Nov 10 08:23:20 PST 2021,,,,476,0% (0/0),0% (0/0),0% (0/0),6,Very happy with products and delivery,5,Fake,,
3YLPJ8OXX8NXAI05KNBW916HUDJX43,3TZJMY6N8M43WBVHR3FF86IOC66G73,Check whether the Review is Fake or Real,Analysis of the CSV file Containing Review and to detect them whether they are fake or Real,"sentiment, text",$0.10 ,Mon Nov 08 08:15:09 PST 2021,4,BatchId:4596135;OriginalHitTemplateId:928390909;,3600,172800,Thu Nov 11 08:15:09 PST 2021,,,3634BBTX0P4D4N6TVKDFLEBHRJCIFX,A2MCG5W6LHSRG9,Submitted,Mon Nov 08 08:33:21 PST 2021,Mon Nov 08 08:49:27 PST 2021,Wed Nov 10 08:49:27 PST 2021,,,,966,0% (0/0),0% (0/0),0% (0/0),6,Very happy with products and delivery,5,Real,,
3YLPJ8OXX8NXAI05KNBW916HUDJX43,3TZJMY6N8M43WBVHR3FF86IOC66G73,Check whether the Review is Fake or Real,Analysis of the CSV file Containing Review and to detect them whether they are fake or Real,"sentiment, text",$0.10 ,Mon Nov 08 08:15:09 PST 2021,4,BatchId:4596135;OriginalHitTemplateId:928390909;,3600,172800,Thu Nov 11 08:15:09 PST 2021,,,3A4NIXBJ779L0Y6G2AE58KNI5NGMLI,A3NWMR6W9LOUP3,Submitted,Mon Nov 08 08:21:22 PST 2021,Mon Nov 08 08:21:54 PST 2021,Wed Nov 10 08:21:54 PST 2021,,,,32,0% (0/0),0% (0/0),0% (0/0),6,Very happy with products and delivery,5,Real,,
3YLPJ8OXX8NXAI05KNBW916HUDJX43,3TZJMY6N8M43WBVHR3FF86IOC66G73,Check whether the Review is Fake or Real,Analysis of the CSV file Containing Review and to detect them whether they are fake or Real,"sentiment, text",$0.10 ,Mon Nov 08 08:15:09 PST 2021,4,BatchId:4596135;OriginalHitTemplateId:928390909;,3600,172800,Thu Nov 11 08:15:09 PST 2021,,,3C44YUNSI2Z8NPF1H9896B981JMPDY,A3TNLC6XGYNDKS,Submitted,Mon Nov 08 08:15:59 PST 2021,Mon Nov 08 08:16:05 PST 2021,Wed Nov 10 08:16:05 PST 2021,,,,6,0% (0/0),0% (0/0),0% (0/0),6,Very happy with products and delivery,5,Real,,
3ZFRE2BDQ9ODDFOU5G1M3XJQV8MZXH,3TZJMY6N8M43WBVHR3FF86IOC66G73,Check whether the Review is Fake or Real,Analysis of the CSV file Containing Review and to detect them whether they are fake or Real,"sentiment, text",$0.10 ,Mon Nov 08 08:15:09 PST 2021,4,BatchId:4596135;OriginalHitTemplateId:928390909;,3600,172800,Thu Nov 11 08:15:09 PST 2021,,,3JJVG1YBEC7BFIZYJY8PDFGR7ZEB5Y,A1NRZ7O1TEJB1V,Submitted,Mon Nov 08 08:33:23 PST 2021,Mon Nov 08 09:01:52 PST 2021,Wed Nov 10 09:01:52 PST 2021,,,,1709,0% (0/0),0% (0/0),0% (0/0),7,The products were very helpful in getting my supplements level to the point,4,Real,,
3ZFRE2BDQ9ODDFOU5G1M3XJQV8MZXH,3TZJMY6N8M43WBVHR3FF86IOC66G73,Check whether the Review is Fake or Real,Analysis of the CSV file Containing Review and to detect them whether they are fake or Real,"sentiment, text",$0.10 ,Mon Nov 08 08:15:09 PST 2021,4,BatchId:4596135;OriginalHitTemplateId:928390909;,3600,172800,Thu Nov 11 08:15:09 PST 2021,,,320DUZ38G8WFDYMUOM4XF0QT5C0GJ3,A1YSYI926BBOHW,Submitted,Mon Nov 08 08:28:00 PST 2021,Mon Nov 08 08:31:09 PST 2021,Wed Nov 10 08:31:09 PST 2021,,,,189,0% (0/0),0% (0/0),0% (0/0),7,The products were very helpful in getting my supplements level to the point,4,Fake,,
3ZFRE2BDQ9ODDFOU5G1M3XJQV8MZXH,3TZJMY6N8M43WBVHR3FF86IOC66G73,Check whether the Review is Fake or Real,Analysis of the CSV file Containing Review and to detect them whether they are fake or Real,"sentiment, text",$0.10 ,Mon Nov 08 08:15:09 PST 2021,4,BatchId:4596135;OriginalHitTemplateId:928390909;,3600,172800,Thu Nov 11 08:15:09 PST 2021,,,3WS1NTTKEZM2XSPDRUO9FABL5OR0FE,A2DDPSXH2X96RF,Submitted,Mon Nov 08 08:15:58 PST 2021,Mon Nov 08 08:28:53 PST 2021,Wed Nov 10 08:28:53 PST 2021,,,,775,0% (0/0),0% (0/0),0% (0/0),7,The products were very helpful in getting my supplements level to the point,4,Fake,,
3ZFRE2BDQ9ODDFOU5G1M3XJQV8MZXH,3TZJMY6N8M43WBVHR3FF86IOC66G73,Check whether the Review is Fake or Real,Analysis of the CSV file Containing Review and to detect them whether they are fake or Real,"sentiment, text",$0.10 ,Mon Nov 08 08:15:09 PST 2021,4,BatchId:4596135;OriginalHitTemplateId:928390909;,3600,172800,Thu Nov 11 08:15:09 PST 2021,,,3NL0RFNU0GXUC2ZSB6287QT3UXD4KR,ACF3N23GE5BFT,Submitted,Mon Nov 08 10:17:52 PST 2021,Mon Nov 08 10:18:32 PST 2021,Wed Nov 10 10:18:32 PST 2021,,,,40,0% (0/0),0% (0/0),0% (0/0),7,The products were very helpful in getting my supplements level to the point,4,Fake,,
3QD8LUVX4X8F6145YSU6ETCVU9EX58,3TZJMY6N8M43WBVHR3FF86IOC66G73,Check whether the Review is Fake or Real,Analysis of the CSV file Containing Review and to detect them whether they are fake or Real,"sentiment, text",$0.10 ,Mon Nov 08 08:15:09 PST 2021,4,BatchId:4596135;OriginalHitTemplateId:928390909;,3600,172800,Thu Nov 11 08:15:09 PST 2021,,,358010RM5F3ZQFHEULIK6A1I3PZXVT,A2DDPSXH2X96RF,Submitted,Mon Nov 08 08:15:49 PST 2021,Mon Nov 08 08:28:05 PST 2021,Wed Nov 10 08:28:05 PST 2021,,,,736,0% (0/0),0% (0/0),0% (0/0),8,Always great products and great service with Better Way Health!,3,Real,,
3QD8LUVX4X8F6145YSU6ETCVU9EX58,3TZJMY6N8M43WBVHR3FF86IOC66G73,Check whether the Review is Fake or Real,Analysis of the CSV file Containing Review and to detect them whether they are fake or Real,"sentiment, text",$0.10 ,Mon Nov 08 08:15:09 PST 2021,4,BatchId:4596135;OriginalHitTemplateId:928390909;,3600,172800,Thu Nov 11 08:15:09 PST 2021,,,3XM0HYN6NL9DFVT1D4JTCTRT1VNPER,A2MCG5W6LHSRG9,Submitted,Mon Nov 08 08:15:57 PST 2021,Mon Nov 08 08:21:29 PST 2021,Wed Nov 10 08:21:29 PST 2021,,,,332,0% (0/0),0% (0/0),0% (0/0),8,Always great products and great service with Better Way Health!,3,Fake,,
3QD8LUVX4X8F6145YSU6ETCVU9EX58,3TZJMY6N8M43WBVHR3FF86IOC66G73,Check whether the Review is Fake or Real,Analysis of the CSV file Containing Review and to detect them whether they are fake or Real,"sentiment, text",$0.10 ,Mon Nov 08 08:15:09 PST 2021,4,BatchId:4596135;OriginalHitTemplateId:928390909;,3600,172800,Thu Nov 11 08:15:09 PST 2021,,,3ZY8KE4ISKDFHIG287NSC25P6MCQVP,A32DRYN7M7HIZT,Submitted,Mon Nov 08 08:16:54 PST 2021,Mon Nov 08 08:22:32 PST 2021,Wed Nov 10 08:22:32 PST 2021,,,,338,0% (0/0),0% (0/0),0% (0/0),8,Always great products and great service with Better Way Health!,3,Real,,
3QD8LUVX4X8F6145YSU6ETCVU9EX58,3TZJMY6N8M43WBVHR3FF86IOC66G73,Check whether the Review is Fake or Real,Analysis of the CSV file Containing Review and to detect them whether they are fake or Real,"sentiment, text",$0.10 ,Mon Nov 08 08:15:09 PST 2021,4,BatchId:4596135;OriginalHitTemplateId:928390909;,3600,172800,Thu Nov 11 08:15:09 PST 2021,,,32RIADZISTES0LC0GFBAYCKDBQ14SH,A3TNLC6XGYNDKS,Submitted,Mon Nov 08 08:15:52 PST 2021,Mon Nov 08 08:15:57 PST 2021,Wed Nov 10 08:15:57 PST 2021,,,,5,0% (0/0),0% (0/0),0% (0/0),8,Always great products and great service with Better Way Health!,3,Real,,
301KG0KX9CVQLEL3B5AMD0LPM952HK,3TZJMY6N8M43WBVHR3FF86IOC66G73,Check whether the Review is Fake or Real,Analysis of the CSV file Containing Review and to detect them whether they are fake or Real,"sentiment, text",$0.10 ,Mon Nov 08 08:15:09 PST 2021,4,BatchId:4596135;OriginalHitTemplateId:928390909;,3600,172800,Thu Nov 11 08:15:09 PST 2021,,,33PPUNGG39FW230CMJ1V2YSQQJKRZR,A1AHWC9TUBF2Z4,Submitted,Mon Nov 08 08:15:57 PST 2021,Mon Nov 08 08:35:57 PST 2021,Wed Nov 10 08:35:57 PST 2021,,,,1200,0% (0/0),0% (0/0),0% (0/0),9,Health is wealth.Very good experience and totally satisfied.,3,Real,,
301KG0KX9CVQLEL3B5AMD0LPM952HK,3TZJMY6N8M43WBVHR3FF86IOC66G73,Check whether the Review is Fake or Real,Analysis of the CSV file Containing Review and to detect them whether they are fake or Real,"sentiment, text",$0.10 ,Mon Nov 08 08:15:09 PST 2021,4,BatchId:4596135;OriginalHitTemplateId:928390909;,3600,172800,Thu Nov 11 08:15:09 PST 2021,,,3YZ8UPK3VUWBA2HJYZCSWBEPO1GUCF,A1QUQ0TV9KVD4C,Submitted,Mon Nov 08 09:16:28 PST 2021,Mon Nov 08 09:44:48 PST 2021,Wed Nov 10 09:44:48 PST 2021,,,,1700,0% (0/0),0% (0/0),0% (0/0),9,Health is wealth.Very good experience and totally satisfied.,3,Real,,
301KG0KX9CVQLEL3B5AMD0LPM952HK,3TZJMY6N8M43WBVHR3FF86IOC66G73,Check whether the Review is Fake or Real,Analysis of the CSV file Containing Review and to detect them whether they are fake or Real,"sentiment, text",$0.10 ,Mon Nov 08 08:15:09 PST 2021,4,BatchId:4596135;OriginalHitTemplateId:928390909;,3600,172800,Thu Nov 11 08:15:09 PST 2021,,,31LVTDXBL8KCXEJ87IAMUJHSBACRL8,A2DDPSXH2X96RF,Submitted,Mon Nov 08 08:15:51 PST 2021,Mon Nov 08 08:28:16 PST 2021,Wed Nov 10 08:28:16 PST 2021,,,,745,0% (0/0),0% (0/0),0% (0/0),9,Health is wealth.Very good experience and totally satisfied.,3,Real,,
301KG0KX9CVQLEL3B5AMD0LPM952HK,3TZJMY6N8M43WBVHR3FF86IOC66G73,Check whether the Review is Fake or Real,Analysis of the CSV file Containing Review and to detect them whether they are fake or Real,"sentiment, text",$0.10 ,Mon Nov 08 08:15:09 PST 2021,4,BatchId:4596135;OriginalHitTemplateId:928390909;,3600,172800,Thu Nov 11 08:15:09 PST 2021,,,3MTMREQS4WS09R9Q9LV2849Y9DSWAY,ARFDXQ5RCR74G,Submitted,Mon Nov 08 08:22:44 PST 2021,Mon Nov 08 08:23:33 PST 2021,Wed Nov 10 08:23:33 PST 2021,,,,49,0% (0/0),0% (0/0),0% (0/0),9,Health is wealth.Very good experience and totally satisfied.,3,Real,,
3IWA71V4TIQBP54J3B4B6ZQVQ4PX6O,3TZJMY6N8M43WBVHR3FF86IOC66G73,Check whether the Review is Fake or Real,Analysis of the CSV file Containing Review and to detect them whether they are fake or Real,"sentiment, text",$0.10 ,Mon Nov 08 08:15:09 PST 2021,4,BatchId:4596135;OriginalHitTemplateId:928390909;,3600,172800,Thu Nov 11 08:15:09 PST 2021,,,3VHP9MDGROUMRKKT3AHTABDMEDOCFJ,A2DDPSXH2X96RF,Submitted,Mon Nov 08 08:15:57 PST 2021,Mon Nov 08 08:28:46 PST 2021,Wed Nov 10 08:28:46 PST 2021,,,,769,0% (0/0),0% (0/0),0% (0/0),10,Great Products and also satisfied with the service.,4,Real,,
3IWA71V4TIQBP54J3B4B6ZQVQ4PX6O,3TZJMY6N8M43WBVHR3FF86IOC66G73,Check whether the Review is Fake or Real,Analysis of the CSV file Containing Review and to detect them whether they are fake or Real,"sentiment, text",$0.10 ,Mon Nov 08 08:15:09 PST 2021,4,BatchId:4596135;OriginalHitTemplateId:928390909;,3600,172800,Thu Nov 11 08:15:09 PST 2021,,,3SUWZRL0MZN55PBWY8KK6T0C6QXE6A,A2P3OVSEX9AY3H,Submitted,Mon Nov 08 08:15:27 PST 2021,Mon Nov 08 08:16:19 PST 2021,Wed Nov 10 08:16:19 PST 2021,,,,52,0% (0/0),0% (0/0),0% (0/0),10,Great Products and also satisfied with the service.,4,Real,,
3IWA71V4TIQBP54J3B4B6ZQVQ4PX6O,3TZJMY6N8M43WBVHR3FF86IOC66G73,Check whether the Review is Fake or Real,Analysis of the CSV file Containing Review and to detect them whether they are fake or Real,"sentiment, text",$0.10 ,Mon Nov 08 08:15:09 PST 2021,4,BatchId:4596135;OriginalHitTemplateId:928390909;,3600,172800,Thu Nov 11 08:15:09 PST 2021,,,36AHBNMV1SM2W3728W4SJ22K5OPDYG,A3TNLC6XGYNDKS,Submitted,Mon Nov 08 08:15:47 PST 2021,Mon Nov 08 08:15:51 PST 2021,Wed Nov 10 08:15:51 PST 2021,,,,4,0% (0/0),0% (0/0),0% (0/0),10,Great Products and also satisfied with the service.,4,Real,,
3IWA71V4TIQBP54J3B4B6ZQVQ4PX6O,3TZJMY6N8M43WBVHR3FF86IOC66G73,Check whether the Review is Fake or Real,Analysis of the CSV file Containing Review and to detect them whether they are fake or Real,"sentiment, text",$0.10 ,Mon Nov 08 08:15:09 PST 2021,4,BatchId:4596135;OriginalHitTemplateId:928390909;,3600,172800,Thu Nov 11 08:15:09 PST 2021,,,3PPTZCWALRUWQ2LC94CVX8ILUXIZQY,AT13O9Y4E9RUV,Submitted,Mon Nov 08 08:16:00 PST 2021,Mon Nov 08 08:17:40 PST 2021,Wed Nov 10 08:17:40 PST 2021,,,,100,0% (0/0),0% (0/0),0% (0/0),10,Great Products and also satisfied with the service.,4,Real,,
3XDJY5RK5SV5TE6AFI09PU7D0V2U48,3TZJMY6N8M43WBVHR3FF86IOC66G73,Check whether the Review is Fake or Real,Analysis of the CSV file Containing Review and to detect them whether they are fake or Real,"sentiment, text",$0.10 ,Mon Nov 08 08:15:09 PST 2021,4,BatchId:4596135;OriginalHitTemplateId:928390909;,3600,172800,Thu Nov 11 08:15:09 PST 2021,,,37UEWGM5HUIZ77F4E8S3A48ED481RD,A2DDPSXH2X96RF,Submitted,Mon Nov 08 08:15:47 PST 2021,Mon Nov 08 08:27:58 PST 2021,Wed Nov 10 08:27:58 PST 2021,,,,731,0% (0/0),0% (0/0),0% (0/0),11,It would be helpful if they could improve the payment services.,1,Real,,
3XDJY5RK5SV5TE6AFI09PU7D0V2U48,3TZJMY6N8M43WBVHR3FF86IOC66G73,Check whether the Review is Fake or Real,Analysis of the CSV file Containing Review and to detect them whether they are fake or Real,"sentiment, text",$0.10 ,Mon Nov 08 08:15:09 PST 2021,4,BatchId:4596135;OriginalHitTemplateId:928390909;,3600,172800,Thu Nov 11 08:15:09 PST 2021,,,3M0BCWMB8W65S1EIFZVY3FT4RVDBW8,A2VG4F3HOLKY9T,Submitted,Mon Nov 08 08:15:21 PST 2021,Mon Nov 08 08:26:28 PST 2021,Wed Nov 10 08:26:28 PST 2021,,,,667,0% (0/0),0% (0/0),0% (0/0),11,It would be helpful if they could improve the payment services.,1,Fake,,
3XDJY5RK5SV5TE6AFI09PU7D0V2U48,3TZJMY6N8M43WBVHR3FF86IOC66G73,Check whether the Review is Fake or Real,Analysis of the CSV file Containing Review and to detect them whether they are fake or Real,"sentiment, text",$0.10 ,Mon Nov 08 08:15:09 PST 2021,4,BatchId:4596135;OriginalHitTemplateId:928390909;,3600,172800,Thu Nov 11 08:15:09 PST 2021,,,33ISQZVXPQWFO80JC8RS25SJH0WCC8,A3TNLC6XGYNDKS,Submitted,Mon Nov 08 08:15:57 PST 2021,Mon Nov 08 08:16:02 PST 2021,Wed Nov 10 08:16:02 PST 2021,,,,5,0% (0/0),0% (0/0),0% (0/0),11,It would be helpful if they could improve the payment services.,1,Real,,
3XDJY5RK5SV5TE6AFI09PU7D0V2U48,3TZJMY6N8M43WBVHR3FF86IOC66G73,Check whether the Review is Fake or Real,Analysis of the CSV file Containing Review and to detect them whether they are fake or Real,"sentiment, text",$0.10 ,Mon Nov 08 08:15:09 PST 2021,4,BatchId:4596135;OriginalHitTemplateId:928390909;,3600,172800,Thu Nov 11 08:15:09 PST 2021,,,3ZPPDN2SLW6SN8DUWFNWQ3REWSD9EQ,AKSJ3C5O3V9RB,Submitted,Mon Nov 08 08:55:58 PST 2021,Mon Nov 08 09:16:58 PST 2021,Wed Nov 10 09:16:58 PST 2021,,,,1260,0% (0/0),0% (0/0),0% (0/0),11,It would be helpful if they could improve the payment services.,1,Fake,,
3YKP7CX6G2PNG2FNHPHLNGZZ2CM7BP,3TZJMY6N8M43WBVHR3FF86IOC66G73,Check whether the Review is Fake or Real,Analysis of the CSV file Containing Review and to detect them whether they are fake or Real,"sentiment, text",$0.10 ,Mon Nov 08 08:15:09 PST 2021,4,BatchId:4596135;OriginalHitTemplateId:928390909;,3600,172800,Thu Nov 11 08:15:09 PST 2021,,,3WJEQKOXA9C78QTNCX6HFEJ4D1O1AB,A1NRZ7O1TEJB1V,Submitted,Mon Nov 08 09:33:40 PST 2021,Mon Nov 08 09:34:13 PST 2021,Wed Nov 10 09:34:13 PST 2021,,,,33,0% (0/0),0% (0/0),0% (0/0),12,Had trouble navigating website and accessing discount code but a nice rep followed up and helped sort it out. Thanks.,1,Real,,
3YKP7CX6G2PNG2FNHPHLNGZZ2CM7BP,3TZJMY6N8M43WBVHR3FF86IOC66G73,Check whether the Review is Fake or Real,Analysis of the CSV file Containing Review and to detect them whether they are fake or Real,"sentiment, text",$0.10 ,Mon Nov 08 08:15:09 PST 2021,4,BatchId:4596135;OriginalHitTemplateId:928390909;,3600,172800,Thu Nov 11 08:15:09 PST 2021,,,3FK0YFF9P0Q7MQCJU6H2IP4XNERVVO,A2DDPSXH2X96RF,Submitted,Mon Nov 08 08:16:32 PST 2021,Mon Nov 08 08:29:05 PST 2021,Wed Nov 10 08:29:05 PST 2021,,,,753,0% (0/0),0% (0/0),0% (0/0),12,Had trouble navigating website and accessing discount code but a nice rep followed up and helped sort it out. Thanks.,1,Real,,
3YKP7CX6G2PNG2FNHPHLNGZZ2CM7BP,3TZJMY6N8M43WBVHR3FF86IOC66G73,Check whether the Review is Fake or Real,Analysis of the CSV file Containing Review and to detect them whether they are fake or Real,"sentiment, text",$0.10 ,Mon Nov 08 08:15:09 PST 2021,4,BatchId:4596135;OriginalHitTemplateId:928390909;,3600,172800,Thu Nov 11 08:15:09 PST 2021,,,3KKG4CDWKJ8AV6G179BJHHFNJ2C496,A3045HPJSYCN0H,Submitted,Mon Nov 08 08:15:44 PST 2021,Mon Nov 08 08:18:23 PST 2021,Wed Nov 10 08:18:23 PST 2021,,,,159,0% (0/0),0% (0/0),0% (0/0),12,Had trouble navigating website and accessing discount code but a nice rep followed up and helped sort it out. Thanks.,1,Fake,,
3YKP7CX6G2PNG2FNHPHLNGZZ2CM7BP,3TZJMY6N8M43WBVHR3FF86IOC66G73,Check whether the Review is Fake or Real,Analysis of the CSV file Containing Review and to detect them whether they are fake or Real,"sentiment, text",$0.10 ,Mon Nov 08 08:15:09 PST 2021,4,BatchId:4596135;OriginalHitTemplateId:928390909;,3600,172800,Thu Nov 11 08:15:09 PST 2021,,,32SCWG5HIIE92G0M7M0V05ZGKX16PP,A33SZTK9OMONNB,Submitted,Mon Nov 08 09:17:35 PST 2021,Mon Nov 08 09:20:34 PST 2021,Wed Nov 10 09:20:34 PST 2021,,,,179,0% (0/0),0% (0/0),0% (0/0),12,Had trouble navigating website and accessing discount code but a nice rep followed up and helped sort it out. Thanks.,1,Real,,
3HXCEECSQM32DKE4ACNOMBQZXEGZYN,3TZJMY6N8M43WBVHR3FF86IOC66G73,Check whether the Review is Fake or Real,Analysis of the CSV file Containing Review and to detect them whether they are fake or Real,"sentiment, text",$0.10 ,Mon Nov 08 08:15:09 PST 2021,4,BatchId:4596135;OriginalHitTemplateId:928390909;,3600,172800,Thu Nov 11 08:15:09 PST 2021,,,3Y9N9SS8LZL1G0AEJBB2T867WO2D3K,A1NRZ7O1TEJB1V,Submitted,Mon Nov 08 08:54:04 PST 2021,Mon Nov 08 09:04:04 PST 2021,Wed Nov 10 09:04:04 PST 2021,,,,600,0% (0/0),0% (0/0),0% (0/0),13,If the delivery is within the expected time  it would be nice. Bit frustating if the order is delayed.,2,Fake,,
3HXCEECSQM32DKE4ACNOMBQZXEGZYN,3TZJMY6N8M43WBVHR3FF86IOC66G73,Check whether the Review is Fake or Real,Analysis of the CSV file Containing Review and to detect them whether they are fake or Real,"sentiment, text",$0.10 ,Mon Nov 08 08:15:09 PST 2021,4,BatchId:4596135;OriginalHitTemplateId:928390909;,3600,172800,Thu Nov 11 08:15:09 PST 2021,,,31EUONYN2WDCW63MTUVONXAPRLUOVF,A2DDPSXH2X96RF,Submitted,Mon Nov 08 08:15:45 PST 2021,Mon Nov 08 08:20:03 PST 2021,Wed Nov 10 08:20:03 PST 2021,,,,258,0% (0/0),0% (0/0),0% (0/0),13,If the delivery is within the expected time  it would be nice. Bit frustating if the order is delayed.,2,Real,,
3HXCEECSQM32DKE4ACNOMBQZXEGZYN,3TZJMY6N8M43WBVHR3FF86IOC66G73,Check whether the Review is Fake or Real,Analysis of the CSV file Containing Review and to detect them whether they are fake or Real,"sentiment, text",$0.10 ,Mon Nov 08 08:15:09 PST 2021,4,BatchId:4596135;OriginalHitTemplateId:928390909;,3600,172800,Thu Nov 11 08:15:09 PST 2021,,,340UGXU9DZB79BNJPG7XM32E97IVUZ,A2YZA00VJ8X6NQ,Submitted,Mon Nov 08 08:15:25 PST 2021,Mon Nov 08 08:15:45 PST 2021,Wed Nov 10 08:15:45 PST 2021,,,,20,0% (0/0),0% (0/0),0% (0/0),13,If the delivery is within the expected time  it would be nice. Bit frustating if the order is delayed.,2,Real,,
3HXCEECSQM32DKE4ACNOMBQZXEGZYN,3TZJMY6N8M43WBVHR3FF86IOC66G73,Check whether the Review is Fake or Real,Analysis of the CSV file Containing Review and to detect them whether they are fake or Real,"sentiment, text",$0.10 ,Mon Nov 08 08:15:09 PST 2021,4,BatchId:4596135;OriginalHitTemplateId:928390909;,3600,172800,Thu Nov 11 08:15:09 PST 2021,,,37TRT2X24R1JMHEJ80CJEPZWPZ4JBL,A3MYTEE8WSEQ2Z,Submitted,Mon Nov 08 08:15:25 PST 2021,Mon Nov 08 08:16:44 PST 2021,Wed Nov 10 08:16:44 PST 2021,,,,79,0% (0/0),0% (0/0),0% (0/0),13,If the delivery is within the expected time  it would be nice. Bit frustating if the order is delayed.,2,Real,,
359AP8GAGGU6Q77TVPDGY05HKXM7CW,3TZJMY6N8M43WBVHR3FF86IOC66G73,Check whether the Review is Fake or Real,Analysis of the CSV file Containing Review and to detect them whether they are fake or Real,"sentiment, text",$0.10 ,Mon Nov 08 08:15:09 PST 2021,4,BatchId:4596135;OriginalHitTemplateId:928390909;,3600,172800,Thu Nov 11 08:15:09 PST 2021,,,3QY5DC2MXSUIDE1TP12T4HZSLE1UFJ,A1NRZ7O1TEJB1V,Submitted,Mon Nov 08 08:50:58 PST 2021,Mon Nov 08 09:04:07 PST 2021,Wed Nov 10 09:04:07 PST 2021,,,,789,0% (0/0),0% (0/0),0% (0/0),14,Everyone is always helpful.  I had to change  payment methods and delivery dates and it is always a pleasure to talk to them.,3,Real,,
359AP8GAGGU6Q77TVPDGY05HKXM7CW,3TZJMY6N8M43WBVHR3FF86IOC66G73,Check whether the Review is Fake or Real,Analysis of the CSV file Containing Review and to detect them whether they are fake or Real,"sentiment, text",$0.10 ,Mon Nov 08 08:15:09 PST 2021,4,BatchId:4596135;OriginalHitTemplateId:928390909;,3600,172800,Thu Nov 11 08:15:09 PST 2021,,,3F6KKYWMNCB8K43O1UVH2M4D14LDNQ,A2FHJCRBRP7VH4,Submitted,Mon Nov 08 09:00:04 PST 2021,Mon Nov 08 09:05:20 PST 2021,Wed Nov 10 09:05:20 PST 2021,,,,316,0% (0/0),0% (0/0),0% (0/0),14,Everyone is always helpful.  I had to change  payment methods and delivery dates and it is always a pleasure to talk to them.,3,Real,,
359AP8GAGGU6Q77TVPDGY05HKXM7CW,3TZJMY6N8M43WBVHR3FF86IOC66G73,Check whether the Review is Fake or Real,Analysis of the CSV file Containing Review and to detect them whether they are fake or Real,"sentiment, text",$0.10 ,Mon Nov 08 08:15:09 PST 2021,4,BatchId:4596135;OriginalHitTemplateId:928390909;,3600,172800,Thu Nov 11 08:15:09 PST 2021,,,37FMASSAYD1NR6UDQIRJ2OKWCKFBI1,AMP43R3RISC1J,Submitted,Mon Nov 08 08:15:15 PST 2021,Mon Nov 08 08:26:26 PST 2021,Wed Nov 10 08:26:26 PST 2021,,,,671,0% (0/0),0% (0/0),0% (0/0),14,Everyone is always helpful.  I had to change  payment methods and delivery dates and it is always a pleasure to talk to them.,3,Real,,
359AP8GAGGU6Q77TVPDGY05HKXM7CW,3TZJMY6N8M43WBVHR3FF86IOC66G73,Check whether the Review is Fake or Real,Analysis of the CSV file Containing Review and to detect them whether they are fake or Real,"sentiment, text",$0.10 ,Mon Nov 08 08:15:09 PST 2021,4,BatchId:4596135;OriginalHitTemplateId:928390909;,3600,172800,Thu Nov 11 08:15:09 PST 2021,,,3DUZQ9U6SNYRUYVF0BCX72KQOAXVSJ,APGX2WZ59OWDN,Submitted,Mon Nov 08 08:15:24 PST 2021,Mon Nov 08 08:16:51 PST 2021,Wed Nov 10 08:16:51 PST 2021,,,,87,0% (0/0),0% (0/0),0% (0/0),14,Everyone is always helpful.  I had to change  payment methods and delivery dates and it is always a pleasure to talk to them.,3,Real,,
341YLJU21I9QH9WNHNS7DCM4MMK2ID,3TZJMY6N8M43WBVHR3FF86IOC66G73,Check whether the Review is Fake or Real,Analysis of the CSV file Containing Review and to detect them whether they are fake or Real,"sentiment, text",$0.10 ,Mon Nov 08 08:15:09 PST 2021,4,BatchId:4596135;OriginalHitTemplateId:928390909;,3600,172800,Thu Nov 11 08:15:09 PST 2021,,,35USIKEBNSQ9ZVO9R7N3WGULKIZ6NS,A19Q990ORTCBN4,Submitted,Mon Nov 08 08:15:47 PST 2021,Mon Nov 08 08:54:57 PST 2021,Wed Nov 10 08:54:57 PST 2021,,,,2350,0% (0/0),0% (0/0),0% (0/0),15,Have been using Better Way Health Beta Glucan consistently for 3 years. Love the product backed up by scientific research. Ordering is a breeze & their text notification pre-auto shipment makes it super easy if I need to amend my order. Great customer service. Also recommend the Vitamin D & Curcumin.,4,Real,,
341YLJU21I9QH9WNHNS7DCM4MMK2ID,3TZJMY6N8M43WBVHR3FF86IOC66G73,Check whether the Review is Fake or Real,Analysis of the CSV file Containing Review and to detect them whether they are fake or Real,"sentiment, text",$0.10 ,Mon Nov 08 08:15:09 PST 2021,4,BatchId:4596135;OriginalHitTemplateId:928390909;,3600,172800,Thu Nov 11 08:15:09 PST 2021,,,32EYX73OY1JFG462GW2NL6DBO19UR9,A1NRZ7O1TEJB1V,Submitted,Mon Nov 08 08:31:02 PST 2021,Mon Nov 08 09:01:56 PST 2021,Wed Nov 10 09:01:56 PST 2021,,,,1854,0% (0/0),0% (0/0),0% (0/0),15,Have been using Better Way Health Beta Glucan consistently for 3 years. Love the product backed up by scientific research. Ordering is a breeze & their text notification pre-auto shipment makes it super easy if I need to amend my order. Great customer service. Also recommend the Vitamin D & Curcumin.,4,Fake,,
341YLJU21I9QH9WNHNS7DCM4MMK2ID,3TZJMY6N8M43WBVHR3FF86IOC66G73,Check whether the Review is Fake or Real,Analysis of the CSV file Containing Review and to detect them whether they are fake or Real,"sentiment, text",$0.10 ,Mon Nov 08 08:15:09 PST 2021,4,BatchId:4596135;OriginalHitTemplateId:928390909;,3600,172800,Thu Nov 11 08:15:09 PST 2021,,,33C7UALJVM8TP208FZM3JND9NCK181,A3TNLC6XGYNDKS,Submitted,Mon Nov 08 08:15:38 PST 2021,Mon Nov 08 08:15:43 PST 2021,Wed Nov 10 08:15:43 PST 2021,,,,5,0% (0/0),0% (0/0),0% (0/0),15,Have been using Better Way Health Beta Glucan consistently for 3 years. Love the product backed up by scientific research. Ordering is a breeze & their text notification pre-auto shipment makes it super easy if I need to amend my order. Great customer service. Also recommend the Vitamin D & Curcumin.,4,Real,,
341YLJU21I9QH9WNHNS7DCM4MMK2ID,3TZJMY6N8M43WBVHR3FF86IOC66G73,Check whether the Review is Fake or Real,Analysis of the CSV file Containing Review and to detect them whether they are fake or Real,"sentiment, text",$0.10 ,Mon Nov 08 08:15:09 PST 2021,4,BatchId:4596135;OriginalHitTemplateId:928390909;,3600,172800,Thu Nov 11 08:15:09 PST 2021,,,3ZWFC4W1UVHQXM9CL77OZ6C8EEQRF3,AE62GL4CCNGDS,Submitted,Mon Nov 08 08:36:46 PST 2021,Mon Nov 08 08:38:03 PST 2021,Wed Nov 10 08:38:03 PST 2021,,,,77,0% (0/0),0% (0/0),0% (0/0),15,Have been using Better Way Health Beta Glucan consistently for 3 years. Love the product backed up by scientific research. Ordering is a breeze & their text notification pre-auto shipment makes it super easy if I need to amend my order. Great customer service. Also recommend the Vitamin D & Curcumin.,4,Fake,,
3FULMHZ7OU7MG6116G9NYKQJN904MR,3TZJMY6N8M43WBVHR3FF86IOC66G73,Check whether the Review is Fake or Real,Analysis of the CSV file Containing Review and to detect them whether they are fake or Real,"sentiment, text",$0.10 ,Mon Nov 08 08:15:09 PST 2021,4,BatchId:4596135;OriginalHitTemplateId:928390909;,3600,172800,Thu Nov 11 08:15:09 PST 2021,,,33IZTU6J82BJYN0A0QDFVNHB4L5SXJ,A10HYZT6VPV70A,Submitted,Mon Nov 08 08:49:28 PST 2021,Mon Nov 08 08:51:24 PST 2021,Wed Nov 10 08:51:24 PST 2021,,,,116,0% (0/0),0% (0/0),0% (0/0),16,Poor Service,1,Real,,
3FULMHZ7OU7MG6116G9NYKQJN904MR,3TZJMY6N8M43WBVHR3FF86IOC66G73,Check whether the Review is Fake or Real,Analysis of the CSV file Containing Review and to detect them whether they are fake or Real,"sentiment, text",$0.10 ,Mon Nov 08 08:15:09 PST 2021,4,BatchId:4596135;OriginalHitTemplateId:928390909;,3600,172800,Thu Nov 11 08:15:09 PST 2021,,,3DOCMVPBTOOH6GU1QO9KYRG7F8NNNI,A1SX8IVV82M0LW,Submitted,Mon Nov 08 08:31:45 PST 2021,Mon Nov 08 08:32:59 PST 2021,Wed Nov 10 08:32:59 PST 2021,,,,74,0% (0/0),0% (0/0),0% (0/0),16,Poor Service,1,Fake,,
3FULMHZ7OU7MG6116G9NYKQJN904MR,3TZJMY6N8M43WBVHR3FF86IOC66G73,Check whether the Review is Fake or Real,Analysis of the CSV file Containing Review and to detect them whether they are fake or Real,"sentiment, text",$0.10 ,Mon Nov 08 08:15:09 PST 2021,4,BatchId:4596135;OriginalHitTemplateId:928390909;,3600,172800,Thu Nov 11 08:15:09 PST 2021,,,3KAKFY4PGVCIOBQ0BPCDK5MKOTGI3X,A2CW9U6626OFNQ,Submitted,Mon Nov 08 09:16:23 PST 2021,Mon Nov 08 09:51:51 PST 2021,Wed Nov 10 09:51:51 PST 2021,,,,2128,0% (0/0),0% (0/0),0% (0/0),16,Poor Service,1,Fake,,
3FULMHZ7OU7MG6116G9NYKQJN904MR,3TZJMY6N8M43WBVHR3FF86IOC66G73,Check whether the Review is Fake or Real,Analysis of the CSV file Containing Review and to detect them whether they are fake or Real,"sentiment, text",$0.10 ,Mon Nov 08 08:15:09 PST 2021,4,BatchId:4596135;OriginalHitTemplateId:928390909;,3600,172800,Thu Nov 11 08:15:09 PST 2021,,,3WMINLGALCDRVT3LSUV1WA2VHXBCA6,A2DDPSXH2X96RF,Submitted,Mon Nov 08 08:15:56 PST 2021,Mon Nov 08 08:28:39 PST 2021,Wed Nov 10 08:28:39 PST 2021,,,,763,0% (0/0),0% (0/0),0% (0/0),16,Poor Service,1,Fake,,
3PZDSVZ3J5RSYOM1IHONBZFJSZA4NR,3TZJMY6N8M43WBVHR3FF86IOC66G73,Check whether the Review is Fake or Real,Analysis of the CSV file Containing Review and to detect them whether they are fake or Real,"sentiment, text",$0.10 ,Mon Nov 08 08:15:09 PST 2021,4,BatchId:4596135;OriginalHitTemplateId:928390909;,3600,172800,Thu Nov 11 08:15:09 PST 2021,,,3TVSS0C0E2A5ON8ZFLMJ39ZQX2GWTM,A1AHWC9TUBF2Z4,Submitted,Mon Nov 08 08:23:36 PST 2021,Mon Nov 08 08:36:45 PST 2021,Wed Nov 10 08:36:45 PST 2021,,,,789,0% (0/0),0% (0/0),0% (0/0),17,Excellent service,5,Fake,,
3PZDSVZ3J5RSYOM1IHONBZFJSZA4NR,3TZJMY6N8M43WBVHR3FF86IOC66G73,Check whether the Review is Fake or Real,Analysis of the CSV file Containing Review and to detect them whether they are fake or Real,"sentiment, text",$0.10 ,Mon Nov 08 08:15:09 PST 2021,4,BatchId:4596135;OriginalHitTemplateId:928390909;,3600,172800,Thu Nov 11 08:15:09 PST 2021,,,39RP059MEI39NPK4BXPBUHRDTTZMBS,A1ESA5R68PYGH3,Submitted,Mon Nov 08 08:15:28 PST 2021,Mon Nov 08 08:52:06 PST 2021,Wed Nov 10 08:52:06 PST 2021,,,,2198,0% (0/0),0% (0/0),0% (0/0),17,Excellent service,5,Fake,,
3PZDSVZ3J5RSYOM1IHONBZFJSZA4NR,3TZJMY6N8M43WBVHR3FF86IOC66G73,Check whether the Review is Fake or Real,Analysis of the CSV file Containing Review and to detect them whether they are fake or Real,"sentiment, text",$0.10 ,Mon Nov 08 08:15:09 PST 2021,4,BatchId:4596135;OriginalHitTemplateId:928390909;,3600,172800,Thu Nov 11 08:15:09 PST 2021,,,3OF2M9AATHYAFZNHWZSY1M6CVRRKZS,A2DDPSXH2X96RF,Submitted,Mon Nov 08 08:16:21 PST 2021,Mon Nov 08 08:28:58 PST 2021,Wed Nov 10 08:28:58 PST 2021,,,,757,0% (0/0),0% (0/0),0% (0/0),17,Excellent service,5,Real,,
3PZDSVZ3J5RSYOM1IHONBZFJSZA4NR,3TZJMY6N8M43WBVHR3FF86IOC66G73,Check whether the Review is Fake or Real,Analysis of the CSV file Containing Review and to detect them whether they are fake or Real,"sentiment, text",$0.10 ,Mon Nov 08 08:15:09 PST 2021,4,BatchId:4596135;OriginalHitTemplateId:928390909;,3600,172800,Thu Nov 11 08:15:09 PST 2021,,,3UWN2HHPUZFEMTM6YKQ6XLQD27VNSU,ARMUHYECKRLKE,Submitted,Mon Nov 08 08:15:24 PST 2021,Mon Nov 08 08:17:09 PST 2021,Wed Nov 10 08:17:09 PST 2021,,,,105,0% (0/0),0% (0/0),0% (0/0),17,Excellent service,5,Fake,,
3GL25Y68434DE8PBQRBSVVNHG44MXN,3TZJMY6N8M43WBVHR3FF86IOC66G73,Check whether the Review is Fake or Real,Analysis of the CSV file Containing Review and to detect them whether they are fake or Real,"sentiment, text",$0.10 ,Mon Nov 08 08:15:10 PST 2021,4,BatchId:4596135;OriginalHitTemplateId:928390909;,3600,172800,Thu Nov 11 08:15:10 PST 2021,,,3ZQIG0FLQFQK1FCOKGMY4RNBUNTVWY,A10HFN96ZXHYTL,Submitted,Mon Nov 08 08:15:26 PST 2021,Mon Nov 08 08:16:27 PST 2021,Wed Nov 10 08:16:27 PST 2021,,,,61,0% (0/0),0% (0/0),0% (0/0),18,Premium quality of supplements. Great Shop would recommend this store to my friends,2,Fake,,
3GL25Y68434DE8PBQRBSVVNHG44MXN,3TZJMY6N8M43WBVHR3FF86IOC66G73,Check whether the Review is Fake or Real,Analysis of the CSV file Containing Review and to detect them whether they are fake or Real,"sentiment, text",$0.10 ,Mon Nov 08 08:15:10 PST 2021,4,BatchId:4596135;OriginalHitTemplateId:928390909;,3600,172800,Thu Nov 11 08:15:10 PST 2021,,,3BDCF01OGY4LUFVULD2G2FAPEXRYLH,A1BNNBGMZYT3,Submitted,Mon Nov 08 08:41:50 PST 2021,Mon Nov 08 08:45:48 PST 2021,Wed Nov 10 08:45:48 PST 2021,,,,238,0% (0/0),0% (0/0),0% (0/0),18,Premium quality of supplements. Great Shop would recommend this store to my friends,2,Real,,
3GL25Y68434DE8PBQRBSVVNHG44MXN,3TZJMY6N8M43WBVHR3FF86IOC66G73,Check whether the Review is Fake or Real,Analysis of the CSV file Containing Review and to detect them whether they are fake or Real,"sentiment, text",$0.10 ,Mon Nov 08 08:15:10 PST 2021,4,BatchId:4596135;OriginalHitTemplateId:928390909;,3600,172800,Thu Nov 11 08:15:10 PST 2021,,,35BLDD71I77OVAHTV3653VHTBPXVZO,A1ZPM04AMTA140,Submitted,Mon Nov 08 08:15:26 PST 2021,Mon Nov 08 08:16:35 PST 2021,Wed Nov 10 08:16:35 PST 2021,,,,69,0% (0/0),0% (0/0),0% (0/0),18,Premium quality of supplements. Great Shop would recommend this store to my friends,2,Fake,,
3GL25Y68434DE8PBQRBSVVNHG44MXN,3TZJMY6N8M43WBVHR3FF86IOC66G73,Check whether the Review is Fake or Real,Analysis of the CSV file Containing Review and to detect them whether they are fake or Real,"sentiment, text",$0.10 ,Mon Nov 08 08:15:10 PST 2021,4,BatchId:4596135;OriginalHitTemplateId:928390909;,3600,172800,Thu Nov 11 08:15:10 PST 2021,,,3KRVW3HTZOV84B16MJB6K61DXHLMST,A3TNLC6XGYNDKS,Submitted,Mon Nov 08 08:15:36 PST 2021,Mon Nov 08 08:15:40 PST 2021,Wed Nov 10 08:15:40 PST 2021,,,,4,0% (0/0),0% (0/0),0% (0/0),18,Premium quality of supplements. Great Shop would recommend this store to my friends,2,Real,,
3Y3N5A7N4GJ2EDFLVNXUE9UQIAYMYT,3TZJMY6N8M43WBVHR3FF86IOC66G73,Check whether the Review is Fake or Real,Analysis of the CSV file Containing Review and to detect them whether they are fake or Real,"sentiment, text",$0.10 ,Mon Nov 08 08:15:10 PST 2021,4,BatchId:4596135;OriginalHitTemplateId:928390909;,3600,172800,Thu Nov 11 08:15:10 PST 2021,,,3AZHRG4CU5U7HG9K7ZN7E1MO2ZQ03B,A1NRZ7O1TEJB1V,Submitted,Mon Nov 08 08:34:18 PST 2021,Mon Nov 08 09:04:12 PST 2021,Wed Nov 10 09:04:12 PST 2021,,,,1794,0% (0/0),0% (0/0),0% (0/0),19,Easy to order and the text message from Better Way Health is great way for me to monitor or adjust future ordering.,4,Real,,
3Y3N5A7N4GJ2EDFLVNXUE9UQIAYMYT,3TZJMY6N8M43WBVHR3FF86IOC66G73,Check whether the Review is Fake or Real,Analysis of the CSV file Containing Review and to detect them whether they are fake or Real,"sentiment, text",$0.10 ,Mon Nov 08 08:15:10 PST 2021,4,BatchId:4596135;OriginalHitTemplateId:928390909;,3600,172800,Thu Nov 11 08:15:10 PST 2021,,,3TE3O85731I6WSX0XCSHFNIJ5ALR2J,A2DDPSXH2X96RF,Submitted,Mon Nov 08 08:15:42 PST 2021,Mon Nov 08 08:19:34 PST 2021,Wed Nov 10 08:19:34 PST 2021,,,,232,0% (0/0),0% (0/0),0% (0/0),19,Easy to order and the text message from Better Way Health is great way for me to monitor or adjust future ordering.,4,Real,,
3Y3N5A7N4GJ2EDFLVNXUE9UQIAYMYT,3TZJMY6N8M43WBVHR3FF86IOC66G73,Check whether the Review is Fake or Real,Analysis of the CSV file Containing Review and to detect them whether they are fake or Real,"sentiment, text",$0.10 ,Mon Nov 08 08:15:10 PST 2021,4,BatchId:4596135;OriginalHitTemplateId:928390909;,3600,172800,Thu Nov 11 08:15:10 PST 2021,,,3O6CYIULEEBKO0NOFQCT85LSGGKUW8,A2MCG5W6LHSRG9,Submitted,Mon Nov 08 08:16:10 PST 2021,Mon Nov 08 08:21:43 PST 2021,Wed Nov 10 08:21:43 PST 2021,,,,333,0% (0/0),0% (0/0),0% (0/0),19,Easy to order and the text message from Better Way Health is great way for me to monitor or adjust future ordering.,4,Fake,,
3Y3N5A7N4GJ2EDFLVNXUE9UQIAYMYT,3TZJMY6N8M43WBVHR3FF86IOC66G73,Check whether the Review is Fake or Real,Analysis of the CSV file Containing Review and to detect them whether they are fake or Real,"sentiment, text",$0.10 ,Mon Nov 08 08:15:10 PST 2021,4,BatchId:4596135;OriginalHitTemplateId:928390909;,3600,172800,Thu Nov 11 08:15:10 PST 2021,,,36H9ULYP6349ZYQZD2YFXFQH4YAFJF,A3A65SM2YITUWD,Submitted,Mon Nov 08 09:17:21 PST 2021,Mon Nov 08 09:17:49 PST 2021,Wed Nov 10 09:17:49 PST 2021,,,,28,0% (0/0),0% (0/0),0% (0/0),19,Easy to order and the text message from Better Way Health is great way for me to monitor or adjust future ordering.,4,Fake,,
3ZICQFRS31S2IAO96YP70IZ138KZZE,3TZJMY6N8M43WBVHR3FF86IOC66G73,Check whether the Review is Fake or Real,Analysis of the CSV file Containing Review and to detect them whether they are fake or Real,"sentiment, text",$0.10 ,Mon Nov 08 08:15:10 PST 2021,4,BatchId:4596135;OriginalHitTemplateId:928390909;,3600,172800,Thu Nov 11 08:15:10 PST 2021,,,3SLE99ER0ON9MWJNQMF52JNM8XHZBM,A19Q990ORTCBN4,Submitted,Mon Nov 08 08:15:42 PST 2021,Mon Nov 08 08:21:07 PST 2021,Wed Nov 10 08:21:07 PST 2021,,,,325,0% (0/0),0% (0/0),0% (0/0),20,Products are Good but it would be nice if some improvements are made in the way to order.,3,Real,,
3ZICQFRS31S2IAO96YP70IZ138KZZE,3TZJMY6N8M43WBVHR3FF86IOC66G73,Check whether the Review is Fake or Real,Analysis of the CSV file Containing Review and to detect them whether they are fake or Real,"sentiment, text",$0.10 ,Mon Nov 08 08:15:10 PST 2021,4,BatchId:4596135;OriginalHitTemplateId:928390909;,3600,172800,Thu Nov 11 08:15:10 PST 2021,,,3CP1TO84PUBHR5Z205FECMDNDSX25H,A1E77HZO63E334,Submitted,Mon Nov 08 08:16:10 PST 2021,Mon Nov 08 08:16:47 PST 2021,Wed Nov 10 08:16:47 PST 2021,,,,37,0% (0/0),0% (0/0),0% (0/0),20,Products are Good but it would be nice if some improvements are made in the way to order.,3,Fake,,
3ZICQFRS31S2IAO96YP70IZ138KZZE,3TZJMY6N8M43WBVHR3FF86IOC66G73,Check whether the Review is Fake or Real,Analysis of the CSV file Containing Review and to detect them whether they are fake or Real,"sentiment, text",$0.10 ,Mon Nov 08 08:15:10 PST 2021,4,BatchId:4596135;OriginalHitTemplateId:928390909;,3600,172800,Thu Nov 11 08:15:10 PST 2021,,,3XCC1ODXDMLNOBZLZNIIB5GMLGZRQX,A1NRZ7O1TEJB1V,Submitted,Mon Nov 08 09:16:35 PST 2021,Mon Nov 08 09:33:50 PST 2021,Wed Nov 10 09:33:50 PST 2021,,,,1035,0% (0/0),0% (0/0),0% (0/0),20,Products are Good but it would be nice if some improvements are made in the way to order.,3,Real,,
3ZICQFRS31S2IAO96YP70IZ138KZZE,3TZJMY6N8M43WBVHR3FF86IOC66G73,Check whether the Review is Fake or Real,Analysis of the CSV file Containing Review and to detect them whether they are fake or Real,"sentiment, text",$0.10 ,Mon Nov 08 08:15:10 PST 2021,4,BatchId:4596135;OriginalHitTemplateId:928390909;,3600,172800,Thu Nov 11 08:15:10 PST 2021,,,3J88R45B2H8MLVKI899L0IC0H1YPX0,A3AK3UL0UCNVKE,Submitted,Mon Nov 08 08:15:17 PST 2021,Mon Nov 08 08:18:11 PST 2021,Wed Nov 10 08:18:11 PST 2021,,,,174,0% (0/0),0% (0/0),0% (0/0),20,Products are Good but it would be nice if some improvements are made in the way to order.,3,Real,,
3UUSLRKAULDGVZD7VL8RI6NZ5XY7DW,3TZJMY6N8M43WBVHR3FF86IOC66G73,Check whether the Review is Fake or Real,Analysis of the CSV file Containing Review and to detect them whether they are fake or Real,"sentiment, text",$0.10 ,Mon Nov 08 08:15:10 PST 2021,4,BatchId:4596135;OriginalHitTemplateId:928390909;,3600,172800,Thu Nov 11 08:15:10 PST 2021,,,3JPSL1DZ5T9AMX0CHK4FCLW7G22AN1,A1NRZ7O1TEJB1V,Submitted,Mon Nov 08 09:16:25 PST 2021,Mon Nov 08 09:33:04 PST 2021,Wed Nov 10 09:33:04 PST 2021,,,,999,0% (0/0),0% (0/0),0% (0/0),21,Best phone service. They have all your info right there to help you place your next order. All representatives I've dealt with over the years  have been very friendly.,4,Real,,
3UUSLRKAULDGVZD7VL8RI6NZ5XY7DW,3TZJMY6N8M43WBVHR3FF86IOC66G73,Check whether the Review is Fake or Real,Analysis of the CSV file Containing Review and to detect them whether they are fake or Real,"sentiment, text",$0.10 ,Mon Nov 08 08:15:10 PST 2021,4,BatchId:4596135;OriginalHitTemplateId:928390909;,3600,172800,Thu Nov 11 08:15:10 PST 2021,,,3MMN5BL1W0E4KUGRW4A5CYT151N3MJ,A2P3OVSEX9AY3H,Submitted,Mon Nov 08 08:16:21 PST 2021,Mon Nov 08 08:16:31 PST 2021,Wed Nov 10 08:16:31 PST 2021,,,,10,0% (0/0),0% (0/0),0% (0/0),21,Best phone service. They have all your info right there to help you place your next order. All representatives I've dealt with over the years  have been very friendly.,4,Real,,
3UUSLRKAULDGVZD7VL8RI6NZ5XY7DW,3TZJMY6N8M43WBVHR3FF86IOC66G73,Check whether the Review is Fake or Real,Analysis of the CSV file Containing Review and to detect them whether they are fake or Real,"sentiment, text",$0.10 ,Mon Nov 08 08:15:10 PST 2021,4,BatchId:4596135;OriginalHitTemplateId:928390909;,3600,172800,Thu Nov 11 08:15:10 PST 2021,,,3GD6L00D3T78AR2C90WMO5E47H91MP,A3SFFKBY4M8QIK,Submitted,Mon Nov 08 08:55:17 PST 2021,Mon Nov 08 09:35:05 PST 2021,Wed Nov 10 09:35:05 PST 2021,,,,2388,0% (0/0),0% (0/0),0% (0/0),21,Best phone service. They have all your info right there to help you place your next order. All representatives I've dealt with over the years  have been very friendly.,4,Real,,
3UUSLRKAULDGVZD7VL8RI6NZ5XY7DW,3TZJMY6N8M43WBVHR3FF86IOC66G73,Check whether the Review is Fake or Real,Analysis of the CSV file Containing Review and to detect them whether they are fake or Real,"sentiment, text",$0.10 ,Mon Nov 08 08:15:10 PST 2021,4,BatchId:4596135;OriginalHitTemplateId:928390909;,3600,172800,Thu Nov 11 08:15:10 PST 2021,,,36U2A8VAG29AA9DC0DQFNFXAPXMYKE,A3TNLC6XGYNDKS,Submitted,Mon Nov 08 08:15:28 PST 2021,Mon Nov 08 08:15:32 PST 2021,Wed Nov 10 08:15:32 PST 2021,,,,4,0% (0/0),0% (0/0),0% (0/0),21,Best phone service. They have all your info right there to help you place your next order. All representatives I've dealt with over the years  have been very friendly.,4,Real,,
3URJ6VVYUPXAG9MDJWO0QOFOI9F4O6,3TZJMY6N8M43WBVHR3FF86IOC66G73,Check whether the Review is Fake or Real,Analysis of the CSV file Containing Review and to detect them whether they are fake or Real,"sentiment, text",$0.10 ,Mon Nov 08 08:15:10 PST 2021,4,BatchId:4596135;OriginalHitTemplateId:928390909;,3600,172800,Thu Nov 11 08:15:10 PST 2021,,,33JKGHPFYD4BOY91ENUKLCR7AIDNMI,A1NRZ7O1TEJB1V,Submitted,Mon Nov 08 09:15:55 PST 2021,Mon Nov 08 09:33:02 PST 2021,Wed Nov 10 09:33:02 PST 2021,,,,1027,0% (0/0),0% (0/0),0% (0/0),22,The customer service was so good and it was so helpful.,3,Real,,
3URJ6VVYUPXAG9MDJWO0QOFOI9F4O6,3TZJMY6N8M43WBVHR3FF86IOC66G73,Check whether the Review is Fake or Real,Analysis of the CSV file Containing Review and to detect them whether they are fake or Real,"sentiment, text",$0.10 ,Mon Nov 08 08:15:10 PST 2021,4,BatchId:4596135;OriginalHitTemplateId:928390909;,3600,172800,Thu Nov 11 08:15:10 PST 2021,,,3137ONMDKHF72I02ALT6IKD1040GEE,A2I6ZALE49CVSC,Submitted,Mon Nov 08 08:15:18 PST 2021,Mon Nov 08 08:23:45 PST 2021,Wed Nov 10 08:23:45 PST 2021,,,,507,0% (0/0),0% (0/0),0% (0/0),22,The customer service was so good and it was so helpful.,3,Fake,,
3URJ6VVYUPXAG9MDJWO0QOFOI9F4O6,3TZJMY6N8M43WBVHR3FF86IOC66G73,Check whether the Review is Fake or Real,Analysis of the CSV file Containing Review and to detect them whether they are fake or Real,"sentiment, text",$0.10 ,Mon Nov 08 08:15:10 PST 2021,4,BatchId:4596135;OriginalHitTemplateId:928390909;,3600,172800,Thu Nov 11 08:15:10 PST 2021,,,3B1NLC6UG06BZ9PSJZ9HCWC5EB2GPZ,A2NAKIXS3DVGAA,Submitted,Mon Nov 08 08:15:22 PST 2021,Mon Nov 08 08:18:47 PST 2021,Wed Nov 10 08:18:47 PST 2021,,,,205,0% (0/0),0% (0/0),0% (0/0),22,The customer service was so good and it was so helpful.,3,Fake,,
3URJ6VVYUPXAG9MDJWO0QOFOI9F4O6,3TZJMY6N8M43WBVHR3FF86IOC66G73,Check whether the Review is Fake or Real,Analysis of the CSV file Containing Review and to detect them whether they are fake or Real,"sentiment, text",$0.10 ,Mon Nov 08 08:15:10 PST 2021,4,BatchId:4596135;OriginalHitTemplateId:928390909;,3600,172800,Thu Nov 11 08:15:10 PST 2021,,,3LYA37P8IRXEX1K1QLCVF4Z94PIKB1,A3ST1XNUJUCKA7,Submitted,Mon Nov 08 09:16:40 PST 2021,Mon Nov 08 09:24:06 PST 2021,Wed Nov 10 09:24:06 PST 2021,,,,446,0% (0/0),0% (0/0),0% (0/0),22,The customer service was so good and it was so helpful.,3,Real,,
39KMGHJ4RZK8E4CTYAZNOKTT3UJ00W,3TZJMY6N8M43WBVHR3FF86IOC66G73,Check whether the Review is Fake or Real,Analysis of the CSV file Containing Review and to detect them whether they are fake or Real,"sentiment, text",$0.10 ,Mon Nov 08 08:15:10 PST 2021,4,BatchId:4596135;OriginalHitTemplateId:928390909;,3600,172800,Thu Nov 11 08:15:10 PST 2021,,,3OF2M9AATHYAFZNHWZSY1M6CVRQZK6,A19Q990ORTCBN4,Submitted,Mon Nov 08 08:15:45 PST 2021,Mon Nov 08 08:32:15 PST 2021,Wed Nov 10 08:32:15 PST 2021,,,,990,0% (0/0),0% (0/0),0% (0/0),23,The benefits of better health supplement is to get you in tip top shape.,4,Real,,
39KMGHJ4RZK8E4CTYAZNOKTT3UJ00W,3TZJMY6N8M43WBVHR3FF86IOC66G73,Check whether the Review is Fake or Real,Analysis of the CSV file Containing Review and to detect them whether they are fake or Real,"sentiment, text",$0.10 ,Mon Nov 08 08:15:10 PST 2021,4,BatchId:4596135;OriginalHitTemplateId:928390909;,3600,172800,Thu Nov 11 08:15:10 PST 2021,,,34BBWHLWHBLFF9SOL9NFP2XHMLXWI2,A3TNLC6XGYNDKS,Submitted,Mon Nov 08 08:15:32 PST 2021,Mon Nov 08 08:15:38 PST 2021,Wed Nov 10 08:15:38 PST 2021,,,,6,0% (0/0),0% (0/0),0% (0/0),23,The benefits of better health supplement is to get you in tip top shape.,4,Real,,
39KMGHJ4RZK8E4CTYAZNOKTT3UJ00W,3TZJMY6N8M43WBVHR3FF86IOC66G73,Check whether the Review is Fake or Real,Analysis of the CSV file Containing Review and to detect them whether they are fake or Real,"sentiment, text",$0.10 ,Mon Nov 08 08:15:10 PST 2021,4,BatchId:4596135;OriginalHitTemplateId:928390909;,3600,172800,Thu Nov 11 08:15:10 PST 2021,,,3XM0HYN6NL9DFVT1D4JTCTRT1WCPEI,A627M0GDSGX4S,Submitted,Mon Nov 08 10:17:20 PST 2021,Mon Nov 08 10:18:21 PST 2021,Wed Nov 10 10:18:21 PST 2021,,,,61,0% (0/0),0% (0/0),0% (0/0),23,The benefits of better health supplement is to get you in tip top shape.,4,Fake,,
39KMGHJ4RZK8E4CTYAZNOKTT3UJ00W,3TZJMY6N8M43WBVHR3FF86IOC66G73,Check whether the Review is Fake or Real,Analysis of the CSV file Containing Review and to detect them whether they are fake or Real,"sentiment, text",$0.10 ,Mon Nov 08 08:15:10 PST 2021,4,BatchId:4596135;OriginalHitTemplateId:928390909;,3600,172800,Thu Nov 11 08:15:10 PST 2021,,,3L4D84MIL02TDUH58SMF002UKC9JH1,AUCHGHY1IKZZK,Submitted,Mon Nov 08 08:15:27 PST 2021,Mon Nov 08 08:20:42 PST 2021,Wed Nov 10 08:20:42 PST 2021,,,,315,0% (0/0),0% (0/0),0% (0/0),23,The benefits of better health supplement is to get you in tip top shape.,4,Fake,,
386659BNTLR8LTXBUT3N2PC38MP01Z,3TZJMY6N8M43WBVHR3FF86IOC66G73,Check whether the Review is Fake or Real,Analysis of the CSV file Containing Review and to detect them whether they are fake or Real,"sentiment, text",$0.10 ,Mon Nov 08 08:15:10 PST 2021,4,BatchId:4596135;OriginalHitTemplateId:928390909;,3600,172800,Thu Nov 11 08:15:10 PST 2021,,,3HWRJOOET6CASN9T5LNN7YW4OG2ES6,A1NRZ7O1TEJB1V,Submitted,Mon Nov 08 08:56:24 PST 2021,Mon Nov 08 09:04:00 PST 2021,Wed Nov 10 09:04:00 PST 2021,,,,456,0% (0/0),0% (0/0),0% (0/0),24,I could not get my phone to purchase my items  so I ended up calling.  I got excellent help and was able to finish my order.  She was very helpful in helping me order the right items for my situation.,2,Fake,,
386659BNTLR8LTXBUT3N2PC38MP01Z,3TZJMY6N8M43WBVHR3FF86IOC66G73,Check whether the Review is Fake or Real,Analysis of the CSV file Containing Review and to detect them whether they are fake or Real,"sentiment, text",$0.10 ,Mon Nov 08 08:15:10 PST 2021,4,BatchId:4596135;OriginalHitTemplateId:928390909;,3600,172800,Thu Nov 11 08:15:10 PST 2021,,,3RANCT1ZVGRS0XPDKZGXLR876GGUB8,A1QUQ0TV9KVD4C,Submitted,Mon Nov 08 09:16:30 PST 2021,Mon Nov 08 09:44:56 PST 2021,Wed Nov 10 09:44:56 PST 2021,,,,1706,0% (0/0),0% (0/0),0% (0/0),24,I could not get my phone to purchase my items  so I ended up calling.  I got excellent help and was able to finish my order.  She was very helpful in helping me order the right items for my situation.,2,Real,,
386659BNTLR8LTXBUT3N2PC38MP01Z,3TZJMY6N8M43WBVHR3FF86IOC66G73,Check whether the Review is Fake or Real,Analysis of the CSV file Containing Review and to detect them whether they are fake or Real,"sentiment, text",$0.10 ,Mon Nov 08 08:15:10 PST 2021,4,BatchId:4596135;OriginalHitTemplateId:928390909;,3600,172800,Thu Nov 11 08:15:10 PST 2021,,,354P56DE9LDPJ8UJID9H1O4N2T4S74,A2LASUDS4NLOZW,Submitted,Mon Nov 08 09:16:36 PST 2021,Mon Nov 08 10:01:35 PST 2021,Wed Nov 10 10:01:35 PST 2021,,,,2699,0% (0/0),0% (0/0),0% (0/0),24,I could not get my phone to purchase my items  so I ended up calling.  I got excellent help and was able to finish my order.  She was very helpful in helping me order the right items for my situation.,2,Real,,
386659BNTLR8LTXBUT3N2PC38MP01Z,3TZJMY6N8M43WBVHR3FF86IOC66G73,Check whether the Review is Fake or Real,Analysis of the CSV file Containing Review and to detect them whether they are fake or Real,"sentiment, text",$0.10 ,Mon Nov 08 08:15:10 PST 2021,4,BatchId:4596135;OriginalHitTemplateId:928390909;,3600,172800,Thu Nov 11 08:15:10 PST 2021,,,3TUI152ZZCXZV6041T335EY9HI61QC,A2YZA00VJ8X6NQ,Submitted,Mon Nov 08 08:15:45 PST 2021,Mon Nov 08 08:19:12 PST 2021,Wed Nov 10 08:19:12 PST 2021,,,,207,0% (0/0),0% (0/0),0% (0/0),24,I could not get my phone to purchase my items  so I ended up calling.  I got excellent help and was able to finish my order.  She was very helpful in helping me order the right items for my situation.,2,Real,,
3FCO4VKOZ4NLN5R7RGJBOO5K59Z7EP,3TZJMY6N8M43WBVHR3FF86IOC66G73,Check whether the Review is Fake or Real,Analysis of the CSV file Containing Review and to detect them whether they are fake or Real,"sentiment, text",$0.10 ,Mon Nov 08 08:15:10 PST 2021,4,BatchId:4596135;OriginalHitTemplateId:928390909;,3600,172800,Thu Nov 11 08:15:10 PST 2021,,,3U5JL4WY5LJ0W2YZAPHXXK15Q534XP,A3TNLC6XGYNDKS,Submitted,Mon Nov 08 08:15:54 PST 2021,Mon Nov 08 08:15:59 PST 2021,Wed Nov 10 08:15:59 PST 2021,,,,5,0% (0/0),0% (0/0),0% (0/0),25,This company is a must-visit for everyone on a diet who wants to try a dieting supplement. The Quality of the products were top notch.,2,Real,,
3FCO4VKOZ4NLN5R7RGJBOO5K59Z7EP,3TZJMY6N8M43WBVHR3FF86IOC66G73,Check whether the Review is Fake or Real,Analysis of the CSV file Containing Review and to detect them whether they are fake or Real,"sentiment, text",$0.10 ,Mon Nov 08 08:15:10 PST 2021,4,BatchId:4596135;OriginalHitTemplateId:928390909;,3600,172800,Thu Nov 11 08:15:10 PST 2021,,,30ZX6P7VF95PY4ENP7J8DWWSVUAJ24,AJ72AZV1YBLVW,Submitted,Mon Nov 08 09:49:58 PST 2021,Mon Nov 08 09:50:28 PST 2021,Wed Nov 10 09:50:28 PST 2021,,,,30,0% (0/0),0% (0/0),0% (0/0),25,This company is a must-visit for everyone on a diet who wants to try a dieting supplement. The Quality of the products were top notch.,2,Real,,
3FCO4VKOZ4NLN5R7RGJBOO5K59Z7EP,3TZJMY6N8M43WBVHR3FF86IOC66G73,Check whether the Review is Fake or Real,Analysis of the CSV file Containing Review and to detect them whether they are fake or Real,"sentiment, text",$0.10 ,Mon Nov 08 08:15:10 PST 2021,4,BatchId:4596135;OriginalHitTemplateId:928390909;,3600,172800,Thu Nov 11 08:15:10 PST 2021,,,3U8YCDAGXQQZOHFM5AZ3R9FZCQZQ0X,AMPMTF5IAAMK8,Submitted,Mon Nov 08 08:15:18 PST 2021,Mon Nov 08 08:18:05 PST 2021,Wed Nov 10 08:18:05 PST 2021,,,,167,0% (0/0),0% (0/0),0% (0/0),25,This company is a must-visit for everyone on a diet who wants to try a dieting supplement. The Quality of the products were top notch.,2,Real,,
3FCO4VKOZ4NLN5R7RGJBOO5K59Z7EP,3TZJMY6N8M43WBVHR3FF86IOC66G73,Check whether the Review is Fake or Real,Analysis of the CSV file Containing Review and to detect them whether they are fake or Real,"sentiment, text",$0.10 ,Mon Nov 08 08:15:10 PST 2021,4,BatchId:4596135;OriginalHitTemplateId:928390909;,3600,172800,Thu Nov 11 08:15:10 PST 2021,,,3WYP994K1813BUSNY9WEDWSSO22Y69,APGX2WZ59OWDN,Submitted,Mon Nov 08 08:15:23 PST 2021,Mon Nov 08 08:16:42 PST 2021,Wed Nov 10 08:16:42 PST 2021,,,,79,0% (0/0),0% (0/0),0% (0/0),25,This company is a must-visit for everyone on a diet who wants to try a dieting supplement. The Quality of the products were top notch.,2,Real,,
3X878VYTIESDTJR3MR3H66QKHAE7F7,3TZJMY6N8M43WBVHR3FF86IOC66G73,Check whether the Review is Fake or Real,Analysis of the CSV file Containing Review and to detect them whether they are fake or Real,"sentiment, text",$0.10 ,Mon Nov 08 08:15:10 PST 2021,4,BatchId:4596135;OriginalHitTemplateId:928390909;,3600,172800,Thu Nov 11 08:15:10 PST 2021,,,3QUO65DNQVYCJREMO4LJRB86DELOUQ,A19Q990ORTCBN4,Submitted,Mon Nov 08 08:15:44 PST 2021,Mon Nov 08 08:30:46 PST 2021,Wed Nov 10 08:30:46 PST 2021,,,,902,0% (0/0),0% (0/0),0% (0/0),26,This company is a must-visit for everyone on a diet who wants to try a dieting supplement. They have a trustworthy  organic and non-toxic supplement and you may choose and choose which vitamins you need based on your healthcondition.,5,Real,,
3X878VYTIESDTJR3MR3H66QKHAE7F7,3TZJMY6N8M43WBVHR3FF86IOC66G73,Check whether the Review is Fake or Real,Analysis of the CSV file Containing Review and to detect them whether they are fake or Real,"sentiment, text",$0.10 ,Mon Nov 08 08:15:10 PST 2021,4,BatchId:4596135;OriginalHitTemplateId:928390909;,3600,172800,Thu Nov 11 08:15:10 PST 2021,,,39ASUFLU6YHIO4VSZVTA66DW3UWXEN,A2QABFRDYLO9CH,Submitted,Mon Nov 08 08:15:59 PST 2021,Mon Nov 08 08:16:26 PST 2021,Wed Nov 10 08:16:26 PST 2021,,,,27,0% (0/0),0% (0/0),0% (0/0),26,This company is a must-visit for everyone on a diet who wants to try a dieting supplement. They have a trustworthy  organic and non-toxic supplement and you may choose and choose which vitamins you need based on your healthcondition.,5,Real,,
3X878VYTIESDTJR3MR3H66QKHAE7F7,3TZJMY6N8M43WBVHR3FF86IOC66G73,Check whether the Review is Fake or Real,Analysis of the CSV file Containing Review and to detect them whether they are fake or Real,"sentiment, text",$0.10 ,Mon Nov 08 08:15:10 PST 2021,4,BatchId:4596135;OriginalHitTemplateId:928390909;,3600,172800,Thu Nov 11 08:15:10 PST 2021,,,3EA3QWIZ4J5NNSOUQ4I42IQIIRFITY,A3AK3UL0UCNVKE,Submitted,Mon Nov 08 08:15:17 PST 2021,Mon Nov 08 08:17:47 PST 2021,Wed Nov 10 08:17:47 PST 2021,,,,150,0% (0/0),0% (0/0),0% (0/0),26,This company is a must-visit for everyone on a diet who wants to try a dieting supplement. They have a trustworthy  organic and non-toxic supplement and you may choose and choose which vitamins you need based on your healthcondition.,5,Fake,,
3X878VYTIESDTJR3MR3H66QKHAE7F7,3TZJMY6N8M43WBVHR3FF86IOC66G73,Check whether the Review is Fake or Real,Analysis of the CSV file Containing Review and to detect them whether they are fake or Real,"sentiment, text",$0.10 ,Mon Nov 08 08:15:10 PST 2021,4,BatchId:4596135;OriginalHitTemplateId:928390909;,3600,172800,Thu Nov 11 08:15:10 PST 2021,,,3BXQMRHWK08OJOTABO66Z7J1IE6UMH,A3TNLC6XGYNDKS,Submitted,Mon Nov 08 08:15:49 PST 2021,Mon Nov 08 08:15:54 PST 2021,Wed Nov 10 08:15:54 PST 2021,,,,5,0% (0/0),0% (0/0),0% (0/0),26,This company is a must-visit for everyone on a diet who wants to try a dieting supplement. They have a trustworthy  organic and non-toxic supplement and you may choose and choose which vitamins you need based on your healthcondition.,5,Real,,
3TRB893CSJKJ7JNYXB9ZORQWIPE7G6,3TZJMY6N8M43WBVHR3FF86IOC66G73,Check whether the Review is Fake or Real,Analysis of the CSV file Containing Review and to detect them whether they are fake or Real,"sentiment, text",$0.10 ,Mon Nov 08 08:15:10 PST 2021,4,BatchId:4596135;OriginalHitTemplateId:928390909;,3600,172800,Thu Nov 11 08:15:10 PST 2021,,,3F1567XTNXFHKB3Z56IWKKGSFV19Q2,A21O4S75WB3W7R,Submitted,Mon Nov 08 08:56:24 PST 2021,Mon Nov 08 09:00:19 PST 2021,Wed Nov 10 09:00:19 PST 2021,,,,235,0% (0/0),0% (0/0),0% (0/0),27,Some 0f the supplements quality were bad and disappointing.,1,Real,,
3TRB893CSJKJ7JNYXB9ZORQWIPE7G6,3TZJMY6N8M43WBVHR3FF86IOC66G73,Check whether the Review is Fake or Real,Analysis of the CSV file Containing Review and to detect them whether they are fake or Real,"sentiment, text",$0.10 ,Mon Nov 08 08:15:10 PST 2021,4,BatchId:4596135;OriginalHitTemplateId:928390909;,3600,172800,Thu Nov 11 08:15:10 PST 2021,,,3GU1KF0O4JBF8SHH3DH3BLL8YYAPBR,A2DDPSXH2X96RF,Submitted,Mon Nov 08 08:15:54 PST 2021,Mon Nov 08 08:28:23 PST 2021,Wed Nov 10 08:28:23 PST 2021,,,,749,0% (0/0),0% (0/0),0% (0/0),27,Some 0f the supplements quality were bad and disappointing.,1,Fake,,
3TRB893CSJKJ7JNYXB9ZORQWIPE7G6,3TZJMY6N8M43WBVHR3FF86IOC66G73,Check whether the Review is Fake or Real,Analysis of the CSV file Containing Review and to detect them whether they are fake or Real,"sentiment, text",$0.10 ,Mon Nov 08 08:15:10 PST 2021,4,BatchId:4596135;OriginalHitTemplateId:928390909;,3600,172800,Thu Nov 11 08:15:10 PST 2021,,,3BF51CHDTWKMBOGJMKC9IVNYL33H0S,A2KBTDHM44J7X4,Submitted,Mon Nov 08 08:15:28 PST 2021,Mon Nov 08 08:17:31 PST 2021,Wed Nov 10 08:17:31 PST 2021,,,,123,0% (0/0),0% (0/0),0% (0/0),27,Some 0f the supplements quality were bad and disappointing.,1,Real,,
3TRB893CSJKJ7JNYXB9ZORQWIPE7G6,3TZJMY6N8M43WBVHR3FF86IOC66G73,Check whether the Review is Fake or Real,Analysis of the CSV file Containing Review and to detect them whether they are fake or Real,"sentiment, text",$0.10 ,Mon Nov 08 08:15:10 PST 2021,4,BatchId:4596135;OriginalHitTemplateId:928390909;,3600,172800,Thu Nov 11 08:15:10 PST 2021,,,3ZV9H2YQQEH0P6A506GSLWVS330W32,A3TNLC6XGYNDKS,Submitted,Mon Nov 08 08:15:28 PST 2021,Mon Nov 08 08:15:35 PST 2021,Wed Nov 10 08:15:35 PST 2021,,,,7,0% (0/0),0% (0/0),0% (0/0),27,Some 0f the supplements quality were bad and disappointing.,1,Real,,
